"File","Line","Method","Key","Len"
"C:\Users\GrahamWillsher\ESP32Projects\ESPnowtransmitter2\espnowtransmitter2\src\settings\settings_persistence.cpp","1051","getBool","periodic_bms_reset","18"
"C:\Users\GrahamWillsher\ESP32Projects\ESPnowtransmitter2\espnowtransmitter2\src\settings\settings_persistence.cpp","512","getUShort","max_precharge_ms","16"
"C:\Users\GrahamWillsher\ESP32Projects\ESPnowtransmitter2\espnowtransmitter2\src\settings\settings_persistence.cpp","688","getUChar","cells_per_module","16"
"C:\Users\GrahamWillsher\ESP32Projects\ESPnowtransmitter2\espnowtransmitter2\src\settings\settings_persistence.cpp","1045","getBool","control_enabled","15"
"C:\Users\GrahamWillsher\ESP32Projects\ESPnowtransmitter2\espnowtransmitter2\src\settings\settings_persistence.cpp","377","getBool","double_enabled","14"
"C:\Users\GrahamWillsher\ESP32Projects\ESPnowtransmitter2\espnowtransmitter2\src\network\ethernet_manager.cpp","391","getBytes","dns_secondary","13"
"C:\Users\GrahamWillsher\ESP32Projects\ESPnowtransmitter2\espnowtransmitter2\src\network\ethernet_manager.cpp","434","putBytes","dns_secondary","13"
"C:\Users\GrahamWillsher\ESP32Projects\ESPnowtransmitter2\espnowtransmitter2\src\settings\settings_persistence.cpp","515","getBool","ext_precharge","13"
"C:\Users\GrahamWillsher\ESP32Projects\ESPnowtransmitter2\espnowtransmitter2\src\settings\settings_persistence.cpp","689","getUShort","voltage_level","13"
"C:\Users\GrahamWillsher\ESP32Projects\ESPnowtransmitter2\espnowtransmitter2\src\settings\settings_persistence.cpp","886","getUShort","pylon_send_ms","13"
"C:\Users\GrahamWillsher\ESP32Projects\ESPnowtransmitter2\espnowtransmitter2\src\settings\settings_persistence.cpp","887","getBool","canfd_classic","13"
"C:\Users\GrahamWillsher\ESP32Projects\ESPnowtransmitter2\espnowtransmitter2\src\settings\settings_persistence.cpp","513","getUShort","precharge_ms","12"
"C:\Users\GrahamWillsher\ESP32Projects\ESPnowtransmitter2\espnowtransmitter2\src\settings\settings_persistence.cpp","514","getUChar","eq_stop_type","12"
"C:\Users\GrahamWillsher\ESP32Projects\ESPnowtransmitter2\espnowtransmitter2\src\settings\settings_persistence.cpp","691","getUChar","battery_type","12"
"C:\Users\GrahamWillsher\ESP32Projects\ESPnowtransmitter2\espnowtransmitter2\src\network\ethernet_manager.cpp","390","getBytes","dns_primary","11"
"C:\Users\GrahamWillsher\ESP32Projects\ESPnowtransmitter2\espnowtransmitter2\src\network\ethernet_manager.cpp","433","putBytes","dns_primary","11"
"C:\Users\GrahamWillsher\ESP32Projects\ESPnowtransmitter2\espnowtransmitter2\src\settings\settings_persistence.cpp","368","getUInt","capacity_wh","11"
"C:\Users\GrahamWillsher\ESP32Projects\ESPnowtransmitter2\espnowtransmitter2\src\settings\settings_persistence.cpp","369","getUInt","max_volt_mv","11"
"C:\Users\GrahamWillsher\ESP32Projects\ESPnowtransmitter2\espnowtransmitter2\src\settings\settings_persistence.cpp","370","getUInt","min_volt_mv","11"
"C:\Users\GrahamWillsher\ESP32Projects\ESPnowtransmitter2\espnowtransmitter2\src\settings\settings_persistence.cpp","378","getUShort","pack_max_dv","11"
"C:\Users\GrahamWillsher\ESP32Projects\ESPnowtransmitter2\espnowtransmitter2\src\settings\settings_persistence.cpp","379","getUShort","pack_min_dv","11"
"C:\Users\GrahamWillsher\ESP32Projects\ESPnowtransmitter2\espnowtransmitter2\src\settings\settings_persistence.cpp","380","getUShort","cell_max_mv","11"
"C:\Users\GrahamWillsher\ESP32Projects\ESPnowtransmitter2\espnowtransmitter2\src\settings\settings_persistence.cpp","381","getUShort","cell_min_mv","11"
"C:\Users\GrahamWillsher\ESP32Projects\ESPnowtransmitter2\espnowtransmitter2\src\settings\settings_persistence.cpp","511","getUShort","discharge_w","11"
"C:\Users\GrahamWillsher\ESP32Projects\ESPnowtransmitter2\espnowtransmitter2\src\settings\settings_persistence.cpp","516","getBool","no_inv_disc","11"
"C:\Users\GrahamWillsher\ESP32Projects\ESPnowtransmitter2\espnowtransmitter2\src\settings\settings_persistence.cpp","690","getUShort","capacity_ah","11"
"C:\Users\GrahamWillsher\ESP32Projects\ESPnowtransmitter2\espnowtransmitter2\src\settings\settings_persistence.cpp","884","getUShort","fd_freq_mhz","11"
"C:\Users\GrahamWillsher\ESP32Projects\ESPnowtransmitter2\espnowtransmitter2\src\battery_emulator\communication\nvm\comm_nvm.cpp","237","isKey","use_static","10"
"C:\Users\GrahamWillsher\ESP32Projects\ESPnowtransmitter2\espnowtransmitter2\src\network\ethernet_manager.cpp","377","getBool","use_static","10"
"C:\Users\GrahamWillsher\ESP32Projects\ESPnowtransmitter2\espnowtransmitter2\src\network\ethernet_manager.cpp","426","putBool","use_static","10"
"C:\Users\GrahamWillsher\ESP32Projects\ESPnowtransmitter2\espnowtransmitter2\src\settings\settings_persistence.cpp","375","getUChar","cell_count","10"
"C:\Users\GrahamWillsher\ESP32Projects\ESPnowtransmitter2\espnowtransmitter2\src\settings\settings_persistence.cpp","1053","getUShort","bms1st_min","10"
"C:\Users\GrahamWillsher\ESP32Projects\ESPnowtransmitter2\espnowtransmitter2\src\espnow\control_handlers.cpp","138","putUChar","log_level","9"
"C:\Users\GrahamWillsher\ESP32Projects\ESPnowtransmitter2\espnowtransmitter2\src\espnow\control_handlers.cpp","151","getUChar","log_level","9"
"C:\Users\GrahamWillsher\ESP32Projects\ESPnowtransmitter2\espnowtransmitter2\src\settings\settings_persistence.cpp","371","getFloat","max_chg_a","9"
"C:\Users\GrahamWillsher\ESP32Projects\ESPnowtransmitter2\espnowtransmitter2\src\settings\settings_persistence.cpp","372","getFloat","max_dis_a","9"
"C:\Users\GrahamWillsher\ESP32Projects\ESPnowtransmitter2\espnowtransmitter2\src\settings\settings_persistence.cpp","376","getUChar","chemistry","9"
"C:\Users\GrahamWillsher\ESP32Projects\ESPnowtransmitter2\espnowtransmitter2\src\settings\settings_persistence.cpp","1052","getBool","bms1st_en","9"
"C:\Users\GrahamWillsher\ESP32Projects\ESPnowtransmitter2\espnowtransmitter2\src\espnow\component_catalog_handlers.cpp","60","getUInt","BATTCOMM","8"
"C:\Users\GrahamWillsher\ESP32Projects\ESPnowtransmitter2\espnowtransmitter2\src\espnow\component_catalog_handlers.cpp","71","putUInt","BATTCOMM","8"
"C:\Users\GrahamWillsher\ESP32Projects\ESPnowtransmitter2\espnowtransmitter2\src\espnow\component_catalog_handlers.cpp","349","putUInt","BATTCOMM","8"
"C:\Users\GrahamWillsher\ESP32Projects\ESPnowtransmitter2\espnowtransmitter2\src\settings\settings_persistence.cpp","373","getUChar","soc_high","8"
"C:\Users\GrahamWillsher\ESP32Projects\ESPnowtransmitter2\espnowtransmitter2\src\settings\settings_persistence.cpp","383","getUChar","led_mode","8"
"C:\Users\GrahamWillsher\ESP32Projects\ESPnowtransmitter2\espnowtransmitter2\src\settings\settings_persistence.cpp","510","getUShort","charge_w","8"
"C:\Users\GrahamWillsher\ESP32Projects\ESPnowtransmitter2\espnowtransmitter2\src\settings\settings_persistence.cpp","883","getUShort","freq_khz","8"
"C:\Users\GrahamWillsher\ESP32Projects\ESPnowtransmitter2\espnowtransmitter2\src\settings\settings_persistence.cpp","885","getUShort","sofar_id","8"
"C:\Users\GrahamWillsher\ESP32Projects\ESPnowtransmitter2\espnowtransmitter2\src\settings\settings_persistence.cpp","1048","getBool","pwm_ctrl","8"
"C:\Users\GrahamWillsher\ESP32Projects\ESPnowtransmitter2\espnowtransmitter2\src\settings\settings_persistence.cpp","1049","getUShort","pwm_hold","8"
"C:\Users\GrahamWillsher\ESP32Projects\ESPnowtransmitter2\espnowtransmitter2\src\system_settings.cpp","153","getUInt","BATTTYPE","8"
"C:\Users\GrahamWillsher\ESP32Projects\ESP32common\espnow_common_utils\channel_manager.cpp","189","putUChar","channel","7"
"C:\Users\GrahamWillsher\ESP32Projects\ESP32common\espnow_common_utils\channel_manager.cpp","205","isKey","channel","7"
"C:\Users\GrahamWillsher\ESP32Projects\ESP32common\espnow_common_utils\channel_manager.cpp","211","getUChar","channel","7"
"C:\Users\GrahamWillsher\ESP32Projects\espnowreceiver_2\src\espnow\battery_settings_cache.cpp","17","getUInt","version","7"
"C:\Users\GrahamWillsher\ESP32Projects\espnowreceiver_2\src\espnow\battery_settings_cache.cpp","41","putUInt","version","7"
"C:\Users\GrahamWillsher\ESP32Projects\ESPnowtransmitter2\espnowtransmitter2\src\battery_emulator\communication\nvm\comm_nvm.cpp","237","isKey","version","7"
"C:\Users\GrahamWillsher\ESP32Projects\ESPnowtransmitter2\espnowtransmitter2\src\espnow\component_catalog_handlers.cpp","61","getUInt","INVCOMM","7"
"C:\Users\GrahamWillsher\ESP32Projects\ESPnowtransmitter2\espnowtransmitter2\src\espnow\component_catalog_handlers.cpp","72","putUInt","INVCOMM","7"
"C:\Users\GrahamWillsher\ESP32Projects\ESPnowtransmitter2\espnowtransmitter2\src\espnow\component_catalog_handlers.cpp","350","putUInt","INVCOMM","7"
"C:\Users\GrahamWillsher\ESP32Projects\ESPnowtransmitter2\espnowtransmitter2\src\network\ethernet_manager.cpp","378","getUInt","version","7"
"C:\Users\GrahamWillsher\ESP32Projects\ESPnowtransmitter2\espnowtransmitter2\src\network\ethernet_manager.cpp","388","getBytes","gateway","7"
"C:\Users\GrahamWillsher\ESP32Projects\ESPnowtransmitter2\espnowtransmitter2\src\network\ethernet_manager.cpp","427","putUInt","version","7"
"C:\Users\GrahamWillsher\ESP32Projects\ESPnowtransmitter2\espnowtransmitter2\src\network\ethernet_manager.cpp","431","putBytes","gateway","7"
"C:\Users\GrahamWillsher\ESP32Projects\ESPnowtransmitter2\espnowtransmitter2\src\settings\settings_persistence.cpp","374","getUChar","soc_low","7"
"C:\Users\GrahamWillsher\ESP32Projects\ESPnowtransmitter2\espnowtransmitter2\src\settings\settings_persistence.cpp","382","getBool","soc_est","7"
"C:\Users\GrahamWillsher\ESP32Projects\ESPnowtransmitter2\espnowtransmitter2\src\settings\settings_persistence.cpp","384","getUInt","version","7"
"C:\Users\GrahamWillsher\ESP32Projects\ESPnowtransmitter2\espnowtransmitter2\src\settings\settings_persistence.cpp","517","getUInt","version","7"
"C:\Users\GrahamWillsher\ESP32Projects\ESPnowtransmitter2\espnowtransmitter2\src\settings\settings_persistence.cpp","687","getUChar","modules","7"
"C:\Users\GrahamWillsher\ESP32Projects\ESPnowtransmitter2\espnowtransmitter2\src\settings\settings_persistence.cpp","692","getUInt","version","7"
"C:\Users\GrahamWillsher\ESP32Projects\ESPnowtransmitter2\espnowtransmitter2\src\settings\settings_persistence.cpp","888","getUInt","version","7"
"C:\Users\GrahamWillsher\ESP32Projects\ESPnowtransmitter2\espnowtransmitter2\src\settings\settings_persistence.cpp","1046","getBool","nc_mode","7"
"C:\Users\GrahamWillsher\ESP32Projects\ESPnowtransmitter2\espnowtransmitter2\src\settings\settings_persistence.cpp","1051","getBool","per_bms","7"
"C:\Users\GrahamWillsher\ESP32Projects\ESPnowtransmitter2\espnowtransmitter2\src\settings\settings_persistence.cpp","1054","getUInt","version","7"
"C:\Users\GrahamWillsher\ESP32Projects\ESPnowtransmitter2\espnowtransmitter2\src\network\ethernet_manager.cpp","389","getBytes","subnet","6"
"C:\Users\GrahamWillsher\ESP32Projects\ESPnowtransmitter2\espnowtransmitter2\src\network\ethernet_manager.cpp","432","putBytes","subnet","6"
"C:\Users\GrahamWillsher\ESP32Projects\ESPnowtransmitter2\espnowtransmitter2\src\settings\settings_persistence.cpp","1047","getUShort","pwm_hz","6"
"C:\Users\GrahamWillsher\ESP32Projects\ESPnowtransmitter2\espnowtransmitter2\src\settings\settings_persistence.cpp","686","getUChar","cells","5"
"C:\Users\GrahamWillsher\ESP32Projects\ESPnowtransmitter2\espnowtransmitter2\src\network\ethernet_manager.cpp","387","getBytes","ip","2"
"C:\Users\GrahamWillsher\ESP32Projects\ESPnowtransmitter2\espnowtransmitter2\src\network\ethernet_manager.cpp","430","putBytes","ip","2"
