"File","Line","Ns","Key","Len"
"C:\Users\GrahamWillsher\ESP32Projects\ESPnowtransmitter2\espnowtransmitter2\src\settings\settings_persistence.cpp","596","power","max_precharge_ms","16"
"C:\Users\GrahamWillsher\ESP32Projects\ESPnowtransmitter2\espnowtransmitter2\src\settings\settings_persistence.cpp","800","inverter","cells_per_module","16"
"C:\Users\GrahamWillsher\ESP32Projects\ESPnowtransmitter2\espnowtransmitter2\src\settings\settings_persistence.cpp","1126","contactor","control_enabled","15"
"C:\Users\GrahamWillsher\ESP32Projects\ESPnowtransmitter2\espnowtransmitter2\src\settings\settings_persistence.cpp","432","battery","double_enabled","14"
"C:\Users\GrahamWillsher\ESP32Projects\ESPnowtransmitter2\espnowtransmitter2\src\settings\settings_persistence.cpp","611","power","ext_precharge","13"
"C:\Users\GrahamWillsher\ESP32Projects\ESPnowtransmitter2\espnowtransmitter2\src\settings\settings_persistence.cpp","805","inverter","voltage_level","13"
"C:\Users\GrahamWillsher\ESP32Projects\ESPnowtransmitter2\espnowtransmitter2\src\settings\settings_persistence.cpp","970","can","pylon_send_ms","13"
"C:\Users\GrahamWillsher\ESP32Projects\ESPnowtransmitter2\espnowtransmitter2\src\settings\settings_persistence.cpp","975","can","canfd_classic","13"
"C:\Users\GrahamWillsher\ESP32Projects\ESPnowtransmitter2\espnowtransmitter2\src\settings\settings_persistence.cpp","601","power","precharge_ms","12"
"C:\Users\GrahamWillsher\ESP32Projects\ESPnowtransmitter2\espnowtransmitter2\src\settings\settings_persistence.cpp","606","power","eq_stop_type","12"
"C:\Users\GrahamWillsher\ESP32Projects\ESPnowtransmitter2\espnowtransmitter2\src\settings\settings_persistence.cpp","815","inverter","battery_type","12"
"C:\Users\GrahamWillsher\ESP32Projects\ESPnowtransmitter2\espnowtransmitter2\src\settings\settings_persistence.cpp","423","battery","capacity_wh","11"
"C:\Users\GrahamWillsher\ESP32Projects\ESPnowtransmitter2\espnowtransmitter2\src\settings\settings_persistence.cpp","424","battery","max_volt_mv","11"
"C:\Users\GrahamWillsher\ESP32Projects\ESPnowtransmitter2\espnowtransmitter2\src\settings\settings_persistence.cpp","425","battery","min_volt_mv","11"
"C:\Users\GrahamWillsher\ESP32Projects\ESPnowtransmitter2\espnowtransmitter2\src\settings\settings_persistence.cpp","433","battery","pack_max_dv","11"
"C:\Users\GrahamWillsher\ESP32Projects\ESPnowtransmitter2\espnowtransmitter2\src\settings\settings_persistence.cpp","434","battery","pack_min_dv","11"
"C:\Users\GrahamWillsher\ESP32Projects\ESPnowtransmitter2\espnowtransmitter2\src\settings\settings_persistence.cpp","435","battery","cell_max_mv","11"
"C:\Users\GrahamWillsher\ESP32Projects\ESPnowtransmitter2\espnowtransmitter2\src\settings\settings_persistence.cpp","436","battery","cell_min_mv","11"
"C:\Users\GrahamWillsher\ESP32Projects\ESPnowtransmitter2\espnowtransmitter2\src\settings\settings_persistence.cpp","591","power","discharge_w","11"
"C:\Users\GrahamWillsher\ESP32Projects\ESPnowtransmitter2\espnowtransmitter2\src\settings\settings_persistence.cpp","616","power","no_inv_disc","11"
"C:\Users\GrahamWillsher\ESP32Projects\ESPnowtransmitter2\espnowtransmitter2\src\settings\settings_persistence.cpp","810","inverter","capacity_ah","11"
"C:\Users\GrahamWillsher\ESP32Projects\ESPnowtransmitter2\espnowtransmitter2\src\settings\settings_persistence.cpp","960","can","fd_freq_mhz","11"
"C:\Users\GrahamWillsher\ESP32Projects\ESPnowtransmitter2\espnowtransmitter2\src\settings\settings_persistence.cpp","430","battery","cell_count","10"
"C:\Users\GrahamWillsher\ESP32Projects\ESPnowtransmitter2\espnowtransmitter2\src\settings\settings_persistence.cpp","1162","contactor","bms1st_min","10"
"C:\Users\GrahamWillsher\ESP32Projects\ESPnowtransmitter2\espnowtransmitter2\src\settings\settings_persistence.cpp","426","battery","max_chg_a","9"
"C:\Users\GrahamWillsher\ESP32Projects\ESPnowtransmitter2\espnowtransmitter2\src\settings\settings_persistence.cpp","427","battery","max_dis_a","9"
"C:\Users\GrahamWillsher\ESP32Projects\ESPnowtransmitter2\espnowtransmitter2\src\settings\settings_persistence.cpp","431","battery","chemistry","9"
"C:\Users\GrahamWillsher\ESP32Projects\ESPnowtransmitter2\espnowtransmitter2\src\settings\settings_persistence.cpp","1157","contactor","bms1st_en","9"
"C:\Users\GrahamWillsher\ESP32Projects\ESPnowtransmitter2\espnowtransmitter2\src\settings\settings_persistence.cpp","428","battery","soc_high","8"
"C:\Users\GrahamWillsher\ESP32Projects\ESPnowtransmitter2\espnowtransmitter2\src\settings\settings_persistence.cpp","438","battery","led_mode","8"
"C:\Users\GrahamWillsher\ESP32Projects\ESPnowtransmitter2\espnowtransmitter2\src\settings\settings_persistence.cpp","586","power","charge_w","8"
"C:\Users\GrahamWillsher\ESP32Projects\ESPnowtransmitter2\espnowtransmitter2\src\settings\settings_persistence.cpp","955","can","freq_khz","8"
"C:\Users\GrahamWillsher\ESP32Projects\ESPnowtransmitter2\espnowtransmitter2\src\settings\settings_persistence.cpp","965","can","sofar_id","8"
"C:\Users\GrahamWillsher\ESP32Projects\ESPnowtransmitter2\espnowtransmitter2\src\settings\settings_persistence.cpp","1141","contactor","pwm_ctrl","8"
"C:\Users\GrahamWillsher\ESP32Projects\ESPnowtransmitter2\espnowtransmitter2\src\settings\settings_persistence.cpp","1146","contactor","pwm_hold","8"
"C:\Users\GrahamWillsher\ESP32Projects\ESPnowtransmitter2\espnowtransmitter2\src\settings\settings_persistence.cpp","429","battery","soc_low","7"
"C:\Users\GrahamWillsher\ESP32Projects\ESPnowtransmitter2\espnowtransmitter2\src\settings\settings_persistence.cpp","437","battery","soc_est","7"
"C:\Users\GrahamWillsher\ESP32Projects\ESPnowtransmitter2\espnowtransmitter2\src\settings\settings_persistence.cpp","439","battery","version","7"
"C:\Users\GrahamWillsher\ESP32Projects\ESPnowtransmitter2\espnowtransmitter2\src\settings\settings_persistence.cpp","621","power","version","7"
"C:\Users\GrahamWillsher\ESP32Projects\ESPnowtransmitter2\espnowtransmitter2\src\settings\settings_persistence.cpp","795","inverter","modules","7"
"C:\Users\GrahamWillsher\ESP32Projects\ESPnowtransmitter2\espnowtransmitter2\src\settings\settings_persistence.cpp","820","inverter","version","7"
"C:\Users\GrahamWillsher\ESP32Projects\ESPnowtransmitter2\espnowtransmitter2\src\settings\settings_persistence.cpp","980","can","version","7"
"C:\Users\GrahamWillsher\ESP32Projects\ESPnowtransmitter2\espnowtransmitter2\src\settings\settings_persistence.cpp","1131","contactor","nc_mode","7"
"C:\Users\GrahamWillsher\ESP32Projects\ESPnowtransmitter2\espnowtransmitter2\src\settings\settings_persistence.cpp","1152","contactor","per_bms","7"
"C:\Users\GrahamWillsher\ESP32Projects\ESPnowtransmitter2\espnowtransmitter2\src\settings\settings_persistence.cpp","1167","contactor","version","7"
"C:\Users\GrahamWillsher\ESP32Projects\ESPnowtransmitter2\espnowtransmitter2\src\settings\settings_persistence.cpp","1136","contactor","pwm_hz","6"
"C:\Users\GrahamWillsher\ESP32Projects\ESPnowtransmitter2\espnowtransmitter2\src\settings\settings_persistence.cpp","790","inverter","cells","5"
